seed,trial_name,label,nominal,interval_type,empirical_coverage,abs_coverage_error,mean_half_width,mean_width,gaussian_z,q_hat,ence_equiv_scale,n_calibration,n_evaluation,source_file
seed42,fingerprint_gp_gaussian,ECFP4-Tanimoto GP,0.5,raw_gaussian,0.2895061728395062,0.2104938271604938,0.4841980819067855,0.968396163813571,0.6744897501960817,1.2208390580699435,0.8938119467015238,19439,19440,runs/paper_used_results_20260521/analysis_sources/analysis/test_parp1_surrogate_500_fulltest_nopretrain_ensgauss4_scipykmeans_v1/PARP1/seed42/fingerprint_gp_gaussian/holdout_predictions.csv
seed42,fingerprint_gp_gaussian,ECFP4-Tanimoto GP,0.5,split_conformal,0.4978395061728395,0.0021604938271604923,0.876407580786077,1.752815161572154,0.6744897501960817,1.2208390580699435,0.26154676669672317,19439,19440,runs/paper_used_results_20260521/analysis_sources/analysis/test_parp1_surrogate_500_fulltest_nopretrain_ensgauss4_scipykmeans_v1/PARP1/seed42/fingerprint_gp_gaussian/holdout_predictions.csv
seed42,fingerprint_gp_gaussian,ECFP4-Tanimoto GP,0.8,raw_gaussian,0.5177469135802469,0.2822530864197531,0.9199914597974843,1.8399829195949686,1.2815515655446004,2.527661060541926,0.8938119467015238,19439,19440,runs/paper_used_results_20260521/analysis_sources/analysis/test_parp1_surrogate_500_fulltest_nopretrain_ensgauss4_scipykmeans_v1/PARP1/seed42/fingerprint_gp_gaussian/holdout_predictions.csv
seed42,fingerprint_gp_gaussian,ECFP4-Tanimoto GP,0.8,split_conformal,0.7994855967078189,0.0005144032921811093,1.8145400087533927,3.6290800175067854,1.2815515655446004,2.527661060541926,0.28902870281350446,19439,19440,runs/paper_used_results_20260521/analysis_sources/analysis/test_parp1_surrogate_500_fulltest_nopretrain_ensgauss4_scipykmeans_v1/PARP1/seed42/fingerprint_gp_gaussian/holdout_predictions.csv
seed42,fingerprint_gp_gaussian,ECFP4-Tanimoto GP,0.9,raw_gaussian,0.6253086419753087,0.27469135802469136,1.180796255177769,2.361592510355538,1.6448536269514722,3.575375098319354,0.8938119467015238,19439,19440,runs/paper_used_results_20260521/analysis_sources/analysis/test_parp1_surrogate_500_fulltest_nopretrain_ensgauss4_scipykmeans_v1/PARP1/seed42/fingerprint_gp_gaussian/holdout_predictions.csv
seed42,fingerprint_gp_gaussian,ECFP4-Tanimoto GP,0.9,split_conformal,0.8994855967078189,0.0005144032921811093,2.566665785803624,5.133331571607248,1.6448536269514722,3.575375098319354,0.33362347562911093,19439,19440,runs/paper_used_results_20260521/analysis_sources/analysis/test_parp1_surrogate_500_fulltest_nopretrain_ensgauss4_scipykmeans_v1/PARP1/seed42/fingerprint_gp_gaussian/holdout_predictions.csv
seed42,fingerprint_gp_gaussian,ECFP4-Tanimoto GP,0.95,raw_gaussian,0.7013374485596707,0.24866255144032923,1.407005520313373,2.814011040626746,1.959963984540054,4.418807366803391,0.8938119467015238,19439,19440,runs/paper_used_results_20260521/analysis_sources/analysis/test_parp1_surrogate_500_fulltest_nopretrain_ensgauss4_scipykmeans_v1/PARP1/seed42/fingerprint_gp_gaussian/holdout_predictions.csv
seed42,fingerprint_gp_gaussian,ECFP4-Tanimoto GP,0.95,split_conformal,0.9518518518518518,0.0018518518518518823,3.1721431655555574,6.344286331111115,1.959963984540054,4.418807366803391,0.3503505593783962,19439,19440,runs/paper_used_results_20260521/analysis_sources/analysis/test_parp1_surrogate_500_fulltest_nopretrain_ensgauss4_scipykmeans_v1/PARP1/seed42/fingerprint_gp_gaussian/holdout_predictions.csv
seed42,gin_small_gaussian,2D GIN heteroscedastic,0.5,raw_gaussian,0.5703189300411523,0.0703189300411523,0.6249948064152858,1.2499896128305716,0.6744897501960817,0.5831866064263177,0.22313441738250916,19439,19440,runs/paper_used_results_20260521/analysis_sources/analysis/test_parp1_surrogate_500_fulltest_nopretrain_ensgauss4_scipykmeans_v1/PARP1/seed42/gin_small_gaussian/holdout_predictions.csv
seed42,gin_small_gaussian,2D GIN heteroscedastic,0.5,split_conformal,0.5078703703703704,0.007870370370370416,0.5403916072578463,1.0807832145156926,0.6744897501960817,0.5831866064263177,0.18282149381841234,19439,19440,runs/paper_used_results_20260521/analysis_sources/analysis/test_parp1_surrogate_500_fulltest_nopretrain_ensgauss4_scipykmeans_v1/PARP1/seed42/gin_small_gaussian/holdout_predictions.csv
seed42,gin_small_gaussian,2D GIN heteroscedastic,0.8,raw_gaussian,0.8567386831275721,0.05673868312757202,1.187509628405628,2.375019256811256,1.2815515655446004,1.1087108626704059,0.22313441738250916,19439,19440,runs/paper_used_results_20260521/analysis_sources/analysis/test_parp1_surrogate_500_fulltest_nopretrain_ensgauss4_scipykmeans_v1/PARP1/seed42/gin_small_gaussian/holdout_predictions.csv
seed42,gin_small_gaussian,2D GIN heteroscedastic,0.8,split_conformal,0.7997427983539095,0.0002572016460905546,1.0273522033266922,2.0547044066533844,1.2815515655446004,1.1087108626704059,0.1827162709273667,19439,19440,runs/paper_used_results_20260521/analysis_sources/analysis/test_parp1_surrogate_500_fulltest_nopretrain_ensgauss4_scipykmeans_v1/PARP1/seed42/gin_small_gaussian/holdout_predictions.csv
seed42,gin_small_gaussian,2D GIN heteroscedastic,0.9,raw_gaussian,0.9338991769547325,0.033899176954732435,1.5241521073658386,3.0483042147316772,1.6448536269514722,1.4487097459051315,0.22313441738250916,19439,19440,runs/paper_used_results_20260521/analysis_sources/analysis/test_parp1_surrogate_500_fulltest_nopretrain_ensgauss4_scipykmeans_v1/PARP1/seed42/gin_small_gaussian/holdout_predictions.csv
seed42,gin_small_gaussian,2D GIN heteroscedastic,0.9,split_conformal,0.8986111111111111,0.001388888888888884,1.3424015219366863,2.6848030438733725,1.6448536269514722,1.4487097459051315,0.1811658666497388,19439,19440,runs/paper_used_results_20260521/analysis_sources/analysis/test_parp1_surrogate_500_fulltest_nopretrain_ensgauss4_scipykmeans_v1/PARP1/seed42/gin_small_gaussian/holdout_predictions.csv
seed42,gin_small_gaussian,2D GIN heteroscedastic,0.95,raw_gaussian,0.970164609053498,0.02016460905349804,1.8161392530315421,3.6322785060630842,1.959963984540054,1.737544060976728,0.22313441738250916,19439,19440,runs/paper_used_results_20260521/analysis_sources/analysis/test_parp1_surrogate_500_fulltest_nopretrain_ensgauss4_scipykmeans_v1/PARP1/seed42/gin_small_gaussian/holdout_predictions.csv
seed42,gin_small_gaussian,2D GIN heteroscedastic,0.95,split_conformal,0.9472736625514403,0.002726337448559657,1.6100407955976797,3.2200815911953593,1.959963984540054,1.737544060976728,0.1819488840782745,19439,19440,runs/paper_used_results_20260521/analysis_sources/analysis/test_parp1_surrogate_500_fulltest_nopretrain_ensgauss4_scipykmeans_v1/PARP1/seed42/gin_small_gaussian/holdout_predictions.csv
seed42,tensornet_scratch_bayes_mlp,3D TensorNet Bayesian head,0.5,raw_gaussian,0.057622061017646754,0.4423779389823532,0.11237428007431088,0.22474856014862177,0.6744897501960817,7.530431350131179,10.496226837644492,19437,19437,runs/paper_used_results_20260521/analysis_sources/analysis/test_parp1_surrogate_500_fulltest_nopretrain_ensgauss4_scipykmeans_v1/PARP1/seed42/tensornet_scratch_bayes_mlp/holdout_predictions.csv
seed42,tensornet_scratch_bayes_mlp,3D TensorNet Bayesian head,0.5,split_conformal,0.5060966198487421,0.006096619848742102,1.25461773344073,2.50923546688146,0.6744897501960817,7.530431350131179,0.44232399264234107,19437,19437,runs/paper_used_results_20260521/analysis_sources/analysis/test_parp1_surrogate_500_fulltest_nopretrain_ensgauss4_scipykmeans_v1/PARP1/seed42/tensornet_scratch_bayes_mlp/holdout_predictions.csv
seed42,tensornet_scratch_bayes_mlp,3D TensorNet Bayesian head,0.8,raw_gaussian,0.10531460616350259,0.6946853938364974,0.21351463756760455,0.4270292751352091,1.2815515655446004,16.369003004655617,10.496226837644492,19437,19437,runs/paper_used_results_20260521/analysis_sources/analysis/test_parp1_surrogate_500_fulltest_nopretrain_ensgauss4_scipykmeans_v1/PARP1/seed42/tensornet_scratch_bayes_mlp/holdout_predictions.csv
seed42,tensornet_scratch_bayes_mlp,3D TensorNet Bayesian head,0.8,split_conformal,0.8076349230848382,0.007634923084838152,2.727179957364299,5.454359914728598,1.2815515655446004,16.369003004655617,0.41645945866463024,19437,19437,runs/paper_used_results_20260521/analysis_sources/analysis/test_parp1_surrogate_500_fulltest_nopretrain_ensgauss4_scipykmeans_v1/PARP1/seed42/tensornet_scratch_bayes_mlp/holdout_predictions.csv
seed42,tensornet_scratch_bayes_mlp,3D TensorNet Bayesian head,0.9,raw_gaussian,0.13536039512270412,0.7646396048772959,0.27404307048781096,0.5480861409756219,1.6448536269514722,22.49518302035608,10.496226837644492,19437,19437,runs/paper_used_results_20260521/analysis_sources/analysis/test_parp1_surrogate_500_fulltest_nopretrain_ensgauss4_scipykmeans_v1/PARP1/seed42/tensornet_scratch_bayes_mlp/holdout_predictions.csv
seed42,tensornet_scratch_bayes_mlp,3D TensorNet Bayesian head,0.9,split_conformal,0.9043576683644595,0.004357668364459499,3.747840491745788,7.495680983491576,1.6448536269514722,22.49518302035608,0.4153723199980841,19437,19437,runs/paper_used_results_20260521/analysis_sources/analysis/test_parp1_surrogate_500_fulltest_nopretrain_ensgauss4_scipykmeans_v1/PARP1/seed42/tensornet_scratch_bayes_mlp/holdout_predictions.csv
seed42,tensornet_scratch_bayes_mlp,3D TensorNet Bayesian head,0.95,raw_gaussian,0.1587693574111231,0.7912306425888769,0.3265424592000655,0.653084918400131,1.959963984540054,28.036703175075388,10.496226837644492,19437,19437,runs/paper_used_results_20260521/analysis_sources/analysis/test_parp1_surrogate_500_fulltest_nopretrain_ensgauss4_scipykmeans_v1/PARP1/seed42/tensornet_scratch_bayes_mlp/holdout_predictions.csv
seed42,tensornet_scratch_bayes_mlp,3D TensorNet Bayesian head,0.95,split_conformal,0.9525646961979729,0.002564696197972949,4.671092976639493,9.342185953278985,1.959963984540054,28.036703175075388,0.4146968018137337,19437,19437,runs/paper_used_results_20260521/analysis_sources/analysis/test_parp1_surrogate_500_fulltest_nopretrain_ensgauss4_scipykmeans_v1/PARP1/seed42/tensornet_scratch_bayes_mlp/holdout_predictions.csv
seed42,tensornet_scratch_gaussian,3D TensorNet heteroscedastic ensemble,0.5,raw_gaussian,0.6213407418840357,0.12134074188403565,0.6733263173223376,1.3466526346446752,0.6744897501960817,0.5186497845514773,0.22887268759480803,19437,19437,runs/paper_used_results_20260521/analysis_sources/analysis/test_parp1_surrogate_500_fulltest_nopretrain_ensgauss4_scipykmeans_v1/PARP1/seed42/tensornet_scratch_gaussian/holdout_predictions.csv
seed42,tensornet_scratch_gaussian,3D TensorNet heteroscedastic ensemble,0.5,split_conformal,0.5041415856356434,0.0041415856356433745,0.5177551613060801,1.0355103226121602,0.6744897501960817,0.5186497845514773,0.1130762521160373,19437,19437,runs/paper_used_results_20260521/analysis_sources/analysis/test_parp1_surrogate_500_fulltest_nopretrain_ensgauss4_scipykmeans_v1/PARP1/seed42/tensornet_scratch_gaussian/holdout_predictions.csv
seed42,tensornet_scratch_gaussian,3D TensorNet heteroscedastic ensemble,0.8,raw_gaussian,0.89962442763801,0.09962442763800994,1.279341006792122,2.558682013584244,1.2815515655446004,1.0022890150863075,0.22887268759480803,19437,19437,runs/paper_used_results_20260521/analysis_sources/analysis/test_parp1_surrogate_500_fulltest_nopretrain_ensgauss4_scipykmeans_v1/PARP1/seed42/tensornet_scratch_gaussian/holdout_predictions.csv
seed42,tensornet_scratch_gaussian,3D TensorNet heteroscedastic ensemble,0.8,split_conformal,0.8062458198281628,0.006245819828162746,1.0005601585858122,2.0011203171716243,1.2815515655446004,1.0022890150863075,0.11453655287833228,19437,19437,runs/paper_used_results_20260521/analysis_sources/analysis/test_parp1_surrogate_500_fulltest_nopretrain_ensgauss4_scipykmeans_v1/PARP1/seed42/tensornet_scratch_gaussian/holdout_predictions.csv
seed42,tensornet_scratch_gaussian,3D TensorNet heteroscedastic ensemble,0.9,raw_gaussian,0.9634717291763132,0.06347172917631316,1.642016405508839,3.284032811017678,1.6448536269514722,1.2983925117869346,0.22887268759480803,19437,19437,runs/paper_used_results_20260521/analysis_sources/analysis/test_parp1_surrogate_500_fulltest_nopretrain_ensgauss4_scipykmeans_v1/PARP1/seed42/tensornet_scratch_gaussian/holdout_predictions.csv
seed42,tensornet_scratch_gaussian,3D TensorNet heteroscedastic ensemble,0.9,split_conformal,0.9033801512579102,0.0033801512579101356,1.2961529039488662,2.5923058078977324,1.6448536269514722,1.2983925117869346,0.11532434873104518,19437,19437,runs/paper_used_results_20260521/analysis_sources/analysis/test_parp1_surrogate_500_fulltest_nopretrain_ensgauss4_scipykmeans_v1/PARP1/seed42/tensornet_scratch_gaussian/holdout_predictions.csv
seed42,tensornet_scratch_gaussian,3D TensorNet heteroscedastic ensemble,0.95,raw_gaussian,0.9843597262952102,0.034359726295210224,1.956583226670412,3.913166453340824,1.959963984540054,1.5720376910219709,0.22887268759480803,19437,19437,runs/paper_used_results_20260521/analysis_sources/analysis/test_parp1_surrogate_500_fulltest_nopretrain_ensgauss4_scipykmeans_v1/PARP1/seed42/tensornet_scratch_gaussian/holdout_predictions.csv
seed42,tensornet_scratch_gaussian,3D TensorNet heteroscedastic ensemble,0.95,split_conformal,0.9549313165611977,0.004931316561197718,1.5693260703813783,3.1386521407627566,1.959963984540054,1.5720376910219709,0.1197972167246503,19437,19437,runs/paper_used_results_20260521/analysis_sources/analysis/test_parp1_surrogate_500_fulltest_nopretrain_ensgauss4_scipykmeans_v1/PARP1/seed42/tensornet_scratch_gaussian/holdout_predictions.csv
seed42,tensornet_scratch_nig,3D TensorNet evidential NIG,0.5,raw_gaussian,0.5559499922827597,0.05594999228275965,0.7737035693378526,1.5474071386757051,0.6744897501960817,0.6053142318699993,0.1364682401269396,19437,19437,runs/paper_used_results_20260521/analysis_sources/analysis/test_parp1_surrogate_500_fulltest_nopretrain_ensgauss4_scipykmeans_v1/PARP1/seed42/tensornet_scratch_nig/holdout_predictions.csv
seed42,tensornet_scratch_nig,3D TensorNet evidential NIG,0.5,split_conformal,0.5065596542676339,0.006559654267633941,0.6943527038515696,1.388705407703139,0.6744897501960817,0.6053142318699993,0.10140563670889882,19437,19437,runs/paper_used_results_20260521/analysis_sources/analysis/test_parp1_surrogate_500_fulltest_nopretrain_ensgauss4_scipykmeans_v1/PARP1/seed42/tensornet_scratch_nig/holdout_predictions.csv
seed42,tensornet_scratch_nig,3D TensorNet evidential NIG,0.8,raw_gaussian,0.8682409836908987,0.0682409836908987,1.4700609168102527,2.9401218336205055,1.2815515655446004,1.1156980035479633,0.1364682401269396,19437,19437,runs/paper_used_results_20260521/analysis_sources/analysis/test_parp1_surrogate_500_fulltest_nopretrain_ensgauss4_scipykmeans_v1/PARP1/seed42/tensornet_scratch_nig/holdout_predictions.csv
seed42,tensornet_scratch_nig,3D TensorNet evidential NIG,0.8,split_conformal,0.8045994752276586,0.004599475227658578,1.2798111867485424,2.559622373497085,1.2815515655446004,1.1156980035479633,0.10453387661780641,19437,19437,runs/paper_used_results_20260521/analysis_sources/analysis/test_parp1_surrogate_500_fulltest_nopretrain_ensgauss4_scipykmeans_v1/PARP1/seed42/tensornet_scratch_nig/holdout_predictions.csv
seed42,tensornet_scratch_nig,3D TensorNet evidential NIG,0.9,raw_gaussian,0.948757524309307,0.04875752430930702,1.8868027599243713,3.7736055198487426,1.6448536269514722,1.4101209085681214,0.1364682401269396,19437,19437,runs/paper_used_results_20260521/analysis_sources/analysis/test_parp1_surrogate_500_fulltest_nopretrain_ensgauss4_scipykmeans_v1/PARP1/seed42/tensornet_scratch_nig/holdout_predictions.csv
seed42,tensornet_scratch_nig,3D TensorNet evidential NIG,0.9,split_conformal,0.9042033235581622,0.00420332355816222,1.6175421195650797,3.2350842391301593,1.6448536269514722,1.4101209085681214,0.10615452992600456,19437,19437,runs/paper_used_results_20260521/analysis_sources/analysis/test_parp1_surrogate_500_fulltest_nopretrain_ensgauss4_scipykmeans_v1/PARP1/seed42/tensornet_scratch_nig/holdout_predictions.csv
seed42,tensornet_scratch_nig,3D TensorNet evidential NIG,0.95,raw_gaussian,0.979112002881103,0.02911200288110305,2.2482641584567236,4.496528316913447,1.959963984540054,1.6539369354514684,0.1364682401269396,19437,19437,runs/paper_used_results_20260521/analysis_sources/analysis/test_parp1_surrogate_500_fulltest_nopretrain_ensgauss4_scipykmeans_v1/PARP1/seed42/tensornet_scratch_nig/holdout_predictions.csv
seed42,tensornet_scratch_nig,3D TensorNet evidential NIG,0.95,split_conformal,0.9499922827596852,7.717240314786267e-06,1.897222174312508,3.794444348625016,1.959963984540054,1.6539369354514684,0.10784419474446896,19437,19437,runs/paper_used_results_20260521/analysis_sources/analysis/test_parp1_surrogate_500_fulltest_nopretrain_ensgauss4_scipykmeans_v1/PARP1/seed42/tensornet_scratch_nig/holdout_predictions.csv
seed43,fingerprint_gp_gaussian,ECFP4-Tanimoto GP,0.5,raw_gaussian,0.30030864197530865,0.19969135802469135,0.4706060825094365,0.941212165018873,0.6744897501960817,1.2018048743978829,0.8826191829015299,19439,19440,runs/paper_used_results_20260521/analysis_sources/analysis/test_parp1_surrogate_500_fulltest_nopretrain_ensgauss4_scipykmeans_v1/PARP1/seed43/fingerprint_gp_gaussian/holdout_predictions.csv
seed43,fingerprint_gp_gaussian,ECFP4-Tanimoto GP,0.5,split_conformal,0.500462962962963,0.0004629629629629983,0.8385252462572093,1.6770504925144185,0.6744897501960817,1.2018048743978829,0.2726891813030076,19439,19440,runs/paper_used_results_20260521/analysis_sources/analysis/test_parp1_surrogate_500_fulltest_nopretrain_ensgauss4_scipykmeans_v1/PARP1/seed43/fingerprint_gp_gaussian/holdout_predictions.csv
seed43,fingerprint_gp_gaussian,ECFP4-Tanimoto GP,0.8,raw_gaussian,0.5277263374485597,0.27227366255144037,0.894166236950895,1.78833247390179,1.2815515655446004,2.509083729246333,0.8826191829015299,19439,19440,runs/paper_used_results_20260521/analysis_sources/analysis/test_parp1_surrogate_500_fulltest_nopretrain_ensgauss4_scipykmeans_v1/PARP1/seed43/fingerprint_gp_gaussian/holdout_predictions.csv
seed43,fingerprint_gp_gaussian,ECFP4-Tanimoto GP,0.8,split_conformal,0.7994341563786008,0.0005658436213992202,1.7506419692300967,3.5012839384601935,1.2815515655446004,2.509083729246333,0.3045538010648202,19439,19440,runs/paper_used_results_20260521/analysis_sources/analysis/test_parp1_surrogate_500_fulltest_nopretrain_ensgauss4_scipykmeans_v1/PARP1/seed43/fingerprint_gp_gaussian/holdout_predictions.csv
seed43,fingerprint_gp_gaussian,ECFP4-Tanimoto GP,0.9,raw_gaussian,0.6322530864197531,0.26774691358024694,1.147649940501004,2.295299881002008,1.6448536269514722,3.6599054534149373,0.8826191829015299,19439,19440,runs/paper_used_results_20260521/analysis_sources/analysis/test_parp1_surrogate_500_fulltest_nopretrain_ensgauss4_scipykmeans_v1/PARP1/seed43/fingerprint_gp_gaussian/holdout_predictions.csv
seed43,fingerprint_gp_gaussian,ECFP4-Tanimoto GP,0.9,split_conformal,0.9038065843621399,0.0038065843621398754,2.5535951692161567,5.107190338432313,1.6448536269514722,3.6599054534149373,0.36405373624623416,19439,19440,runs/paper_used_results_20260521/analysis_sources/analysis/test_parp1_surrogate_500_fulltest_nopretrain_ensgauss4_scipykmeans_v1/PARP1/seed43/fingerprint_gp_gaussian/holdout_predictions.csv
seed43,fingerprint_gp_gaussian,ECFP4-Tanimoto GP,0.95,raw_gaussian,0.7064814814814815,0.24351851851851847,1.3675092502974833,2.7350185005949665,1.959963984540054,4.58688546711401,0.8826191829015299,19439,19440,runs/paper_used_results_20260521/analysis_sources/analysis/test_parp1_surrogate_500_fulltest_nopretrain_ensgauss4_scipykmeans_v1/PARP1/seed43/fingerprint_gp_gaussian/holdout_predictions.csv
seed43,fingerprint_gp_gaussian,ECFP4-Tanimoto GP,0.95,split_conformal,0.9537037037037037,0.0037037037037037646,3.2003691679087147,6.4007383358174295,1.959963984540054,4.58688546711401,0.3855179145274601,19439,19440,runs/paper_used_results_20260521/analysis_sources/analysis/test_parp1_surrogate_500_fulltest_nopretrain_ensgauss4_scipykmeans_v1/PARP1/seed43/fingerprint_gp_gaussian/holdout_predictions.csv
seed43,gin_small_gaussian,2D GIN heteroscedastic,0.5,raw_gaussian,0.3705246913580247,0.12947530864197532,0.43442913180626713,0.8688582636125343,0.6744897501960817,0.9216516453573687,0.3474712366055058,19439,19440,runs/paper_used_results_20260521/analysis_sources/analysis/test_parp1_surrogate_500_fulltest_nopretrain_ensgauss4_scipykmeans_v1/PARP1/seed43/gin_small_gaussian/holdout_predictions.csv
seed43,gin_small_gaussian,2D GIN heteroscedastic,0.5,split_conformal,0.48991769547325104,0.010082304526748964,0.5936225480135476,1.1872450960270953,0.6744897501960817,0.9216516453573687,0.028934664025193745,19439,19440,runs/paper_used_results_20260521/analysis_sources/analysis/test_parp1_surrogate_500_fulltest_nopretrain_ensgauss4_scipykmeans_v1/PARP1/seed43/gin_small_gaussian/holdout_predictions.csv
seed43,gin_small_gaussian,2D GIN heteroscedastic,0.8,raw_gaussian,0.6501543209876544,0.1498456790123457,0.8254289021036296,1.6508578042072592,1.2815515655446004,1.721986677185898,0.3474712366055058,19439,19440,runs/paper_used_results_20260521/analysis_sources/analysis/test_parp1_surrogate_500_fulltest_nopretrain_ensgauss4_scipykmeans_v1/PARP1/seed43/gin_small_gaussian/holdout_predictions.csv
seed43,gin_small_gaussian,2D GIN heteroscedastic,0.8,split_conformal,0.7974794238683127,0.0025205761316873243,1.109106812867583,2.218213625735166,1.2815515655446004,1.721986677185898,0.03620324461241412,19439,19440,runs/paper_used_results_20260521/analysis_sources/analysis/test_parp1_surrogate_500_fulltest_nopretrain_ensgauss4_scipykmeans_v1/PARP1/seed43/gin_small_gaussian/holdout_predictions.csv
seed43,gin_small_gaussian,2D GIN heteroscedastic,0.9,raw_gaussian,0.7742798353909465,0.12572016460905355,1.059426526344075,2.11885305268815,1.6448536269514722,2.1972658534772083,0.3474712366055058,19439,19440,runs/paper_used_results_20260521/analysis_sources/analysis/test_parp1_surrogate_500_fulltest_nopretrain_ensgauss4_scipykmeans_v1/PARP1/seed43/gin_small_gaussian/holdout_predictions.csv
seed43,gin_small_gaussian,2D GIN heteroscedastic,0.9,split_conformal,0.9007716049382716,0.0007716049382715529,1.415227283729901,2.830454567459802,1.6448536269514722,2.1972658534772083,0.03990722678436243,19439,19440,runs/paper_used_results_20260521/analysis_sources/analysis/test_parp1_surrogate_500_fulltest_nopretrain_ensgauss4_scipykmeans_v1/PARP1/seed43/gin_small_gaussian/holdout_predictions.csv
seed43,gin_small_gaussian,2D GIN heteroscedastic,0.95,raw_gaussian,0.8559670781893004,0.09403292181069955,1.2623845683759567,2.5247691367519134,1.959963984540054,2.635216329622876,0.3474712366055058,19439,19440,runs/paper_used_results_20260521/analysis_sources/analysis/test_parp1_surrogate_500_fulltest_nopretrain_ensgauss4_scipykmeans_v1/PARP1/seed43/gin_small_gaussian/holdout_predictions.csv
seed43,gin_small_gaussian,2D GIN heteroscedastic,0.95,split_conformal,0.9530864197530864,0.0030864197530864335,1.6973048765632888,3.3946097531265775,1.959963984540054,2.635216329622876,0.03592764489260189,19439,19440,runs/paper_used_results_20260521/analysis_sources/analysis/test_parp1_surrogate_500_fulltest_nopretrain_ensgauss4_scipykmeans_v1/PARP1/seed43/gin_small_gaussian/holdout_predictions.csv
seed43,tensornet_scratch_bayes_mlp,3D TensorNet Bayesian head,0.5,raw_gaussian,0.06868343880228431,0.43131656119771566,0.11342247614399072,0.22684495228798143,0.6744897501960817,5.843953239911182,8.836887817758614,19437,19437,runs/paper_used_results_20260521/analysis_sources/analysis/test_parp1_surrogate_500_fulltest_nopretrain_ensgauss4_scipykmeans_v1/PARP1/seed43/tensornet_scratch_bayes_mlp/holdout_predictions.csv
seed43,tensornet_scratch_bayes_mlp,3D TensorNet Bayesian head,0.5,split_conformal,0.5061480681175079,0.006148068117507899,0.9827216006584676,1.9654432013169352,0.6744897501960817,5.843953239911182,0.4658330529928512,19437,19437,runs/paper_used_results_20260521/analysis_sources/analysis/test_parp1_surrogate_500_fulltest_nopretrain_ensgauss4_scipykmeans_v1/PARP1/seed43/tensornet_scratch_bayes_mlp/holdout_predictions.csv
seed43,tensornet_scratch_bayes_mlp,3D TensorNet Bayesian head,0.8,raw_gaussian,0.1313988784277409,0.6686011215722591,0.21550624279764005,0.4310124855952801,1.2815515655446004,13.313011836576768,8.836887817758614,19437,19437,runs/paper_used_results_20260521/analysis_sources/analysis/test_parp1_surrogate_500_fulltest_nopretrain_ensgauss4_scipykmeans_v1/PARP1/seed43/tensornet_scratch_bayes_mlp/holdout_predictions.csv
seed43,tensornet_scratch_bayes_mlp,3D TensorNet Bayesian head,0.8,split_conformal,0.805988578484334,0.005988578484333984,2.2387215921366077,4.477443184273215,1.2815515655446004,13.313011836576768,0.4097214763711069,19437,19437,runs/paper_used_results_20260521/analysis_sources/analysis/test_parp1_surrogate_500_fulltest_nopretrain_ensgauss4_scipykmeans_v1/PARP1/seed43/tensornet_scratch_bayes_mlp/holdout_predictions.csv
seed43,tensornet_scratch_bayes_mlp,3D TensorNet Bayesian head,0.9,raw_gaussian,0.1696763903894634,0.7303236096105367,0.2765992681267935,0.553198536253587,1.6448536269514722,18.980573645395214,8.836887817758614,19437,19437,runs/paper_used_results_20260521/analysis_sources/analysis/test_parp1_surrogate_500_fulltest_nopretrain_ensgauss4_scipykmeans_v1/PARP1/seed43/tensornet_scratch_bayes_mlp/holdout_predictions.csv
seed43,tensornet_scratch_bayes_mlp,3D TensorNet Bayesian head,0.9,split_conformal,0.9033801512579102,0.0033801512579101356,3.191781136582502,6.383562273165004,1.6448536269514722,18.980573645395214,0.3986511022927396,19437,19437,runs/paper_used_results_20260521/analysis_sources/analysis/test_parp1_surrogate_500_fulltest_nopretrain_ensgauss4_scipykmeans_v1/PARP1/seed43/tensornet_scratch_bayes_mlp/holdout_predictions.csv
seed43,tensornet_scratch_bayes_mlp,3D TensorNet Bayesian head,0.95,raw_gaussian,0.2004424551113855,0.7495575448886145,0.32958835655389723,0.6591767131077945,1.959963984540054,24.212047332233293,8.836887817758614,19437,19437,runs/paper_used_results_20260521/analysis_sources/analysis/test_parp1_surrogate_500_fulltest_nopretrain_ensgauss4_scipykmeans_v1/PARP1/seed43/tensornet_scratch_bayes_mlp/holdout_predictions.csv
seed43,tensornet_scratch_bayes_mlp,3D TensorNet Bayesian head,0.95,split_conformal,0.951072696403766,0.0010726964037660602,4.071507921564496,8.143015843128993,1.959963984540054,24.212047332233293,0.39950842934637176,19437,19437,runs/paper_used_results_20260521/analysis_sources/analysis/test_parp1_surrogate_500_fulltest_nopretrain_ensgauss4_scipykmeans_v1/PARP1/seed43/tensornet_scratch_bayes_mlp/holdout_predictions.csv
seed43,tensornet_scratch_gaussian,3D TensorNet heteroscedastic ensemble,0.5,raw_gaussian,0.5704069558059371,0.07040695580593714,0.5593803459291182,1.1187606918582365,0.6744897501960817,0.5808585638933677,0.16332978681037655,19437,19437,runs/paper_used_results_20260521/analysis_sources/analysis/test_parp1_surrogate_500_fulltest_nopretrain_ensgauss4_scipykmeans_v1/PARP1/seed43/tensornet_scratch_gaussian/holdout_predictions.csv
seed43,tensornet_scratch_gaussian,3D TensorNet heteroscedastic ensemble,0.5,split_conformal,0.5040386890981119,0.004038689098111892,0.481728394407928,0.963456788815856,0.6744897501960817,0.5808585638933677,0.08696926433954726,19437,19437,runs/paper_used_results_20260521/analysis_sources/analysis/test_parp1_surrogate_500_fulltest_nopretrain_ensgauss4_scipykmeans_v1/PARP1/seed43/tensornet_scratch_gaussian/holdout_predictions.csv
seed43,tensornet_scratch_gaussian,3D TensorNet heteroscedastic ensemble,0.8,raw_gaussian,0.8602150537634409,0.06021505376344083,1.0628401066909292,2.1256802133818584,1.2815515655446004,1.1045169965522221,0.16332978681037655,19437,19437,runs/paper_used_results_20260521/analysis_sources/analysis/test_parp1_surrogate_500_fulltest_nopretrain_ensgauss4_scipykmeans_v1/PARP1/seed43/tensornet_scratch_gaussian/holdout_predictions.csv
seed43,tensornet_scratch_gaussian,3D TensorNet heteroscedastic ensemble,0.8,split_conformal,0.8022843031331995,0.0022843031331994945,0.9160185153834559,1.8320370307669118,1.2815515655446004,1.1045169965522221,0.08705805076347801,19437,19437,runs/paper_used_results_20260521/analysis_sources/analysis/test_parp1_surrogate_500_fulltest_nopretrain_ensgauss4_scipykmeans_v1/PARP1/seed43/tensornet_scratch_gaussian/holdout_predictions.csv
seed43,tensornet_scratch_gaussian,3D TensorNet heteroscedastic ensemble,0.9,raw_gaussian,0.9411431805319751,0.041143180531975077,1.3641405085539051,2.7282810171078102,1.6448536269514722,1.4319598241177909,0.16332978681037655,19437,19437,runs/paper_used_results_20260521/analysis_sources/analysis/test_parp1_surrogate_500_fulltest_nopretrain_ensgauss4_scipykmeans_v1/PARP1/seed43/tensornet_scratch_gaussian/holdout_predictions.csv
seed43,tensornet_scratch_gaussian,3D TensorNet heteroscedastic ensemble,0.9,split_conformal,0.9001389103256675,0.00013891032566748507,1.1875794725401632,2.3751589450803263,1.6448536269514722,1.4319598241177909,0.08818810188838389,19437,19437,runs/paper_used_results_20260521/analysis_sources/analysis/test_parp1_surrogate_500_fulltest_nopretrain_ensgauss4_scipykmeans_v1/PARP1/seed43/tensornet_scratch_gaussian/holdout_predictions.csv
seed43,tensornet_scratch_gaussian,3D TensorNet heteroscedastic ensemble,0.95,raw_gaussian,0.9732469002418068,0.023246900241806867,1.6254736730423298,3.2509473460846596,1.959963984540054,1.7126274353168527,0.16332978681037655,19437,19437,runs/paper_used_results_20260521/analysis_sources/analysis/test_parp1_surrogate_500_fulltest_nopretrain_ensgauss4_scipykmeans_v1/PARP1/seed43/tensornet_scratch_gaussian/holdout_predictions.csv
seed43,tensornet_scratch_gaussian,3D TensorNet heteroscedastic ensemble,0.95,split_conformal,0.949374903534496,0.0006250964655039049,1.4203479399601484,2.840695879920297,1.959963984540054,1.7126274353168527,0.08860215466733871,19437,19437,runs/paper_used_results_20260521/analysis_sources/analysis/test_parp1_surrogate_500_fulltest_nopretrain_ensgauss4_scipykmeans_v1/PARP1/seed43/tensornet_scratch_gaussian/holdout_predictions.csv
seed43,tensornet_scratch_nig,3D TensorNet evidential NIG,0.5,raw_gaussian,0.5942275042444821,0.09422750424448212,0.6595028375991969,1.3190056751983938,0.6744897501960817,0.5492646023783238,0.17721614303707173,19437,19437,runs/paper_used_results_20260521/analysis_sources/analysis/test_parp1_surrogate_500_fulltest_nopretrain_ensgauss4_scipykmeans_v1/PARP1/seed43/tensornet_scratch_nig/holdout_predictions.csv
seed43,tensornet_scratch_nig,3D TensorNet evidential NIG,0.5,split_conformal,0.503369861604157,0.0033698616041569762,0.5370601462157008,1.0741202924314015,0.6744897501960817,0.5492646023783238,0.0782632093190036,19437,19437,runs/paper_used_results_20260521/analysis_sources/analysis/test_parp1_surrogate_500_fulltest_nopretrain_ensgauss4_scipykmeans_v1/PARP1/seed43/tensornet_scratch_nig/holdout_predictions.csv
seed43,tensornet_scratch_nig,3D TensorNet evidential NIG,0.8,raw_gaussian,0.882337809332716,0.08233780933271595,1.253075964105684,2.506151928211368,1.2815515655446004,1.054085594717696,0.17721614303707173,19437,19437,runs/paper_used_results_20260521/analysis_sources/analysis/test_parp1_surrogate_500_fulltest_nopretrain_ensgauss4_scipykmeans_v1/PARP1/seed43/tensornet_scratch_nig/holdout_predictions.csv
seed43,tensornet_scratch_nig,3D TensorNet evidential NIG,0.8,split_conformal,0.805988578484334,0.005988578484333984,1.0306642029573658,2.0613284059147317,1.2815515655446004,1.054085594717696,0.08145764248433145,19437,19437,runs/paper_used_results_20260521/analysis_sources/analysis/test_parp1_surrogate_500_fulltest_nopretrain_ensgauss4_scipykmeans_v1/PARP1/seed43/tensornet_scratch_nig/holdout_predictions.csv
seed43,tensornet_scratch_nig,3D TensorNet evidential NIG,0.9,raw_gaussian,0.953182075423162,0.053182075423162,1.608305588179016,3.216611176358032,1.6448536269514722,1.356822624885622,0.17721614303707173,19437,19437,runs/paper_used_results_20260521/analysis_sources/analysis/test_parp1_surrogate_500_fulltest_nopretrain_ensgauss4_scipykmeans_v1/PARP1/seed43/tensornet_scratch_nig/holdout_predictions.csv
seed43,tensornet_scratch_nig,3D TensorNet evidential NIG,0.9,split_conformal,0.9015280135823429,0.0015280135823428909,1.326674528368625,2.65334905673725,1.6448536269514722,1.356822624885622,0.08237757099392506,19437,19437,runs/paper_used_results_20260521/analysis_sources/analysis/test_parp1_surrogate_500_fulltest_nopretrain_ensgauss4_scipykmeans_v1/PARP1/seed43/tensornet_scratch_nig/holdout_predictions.csv
seed43,tensornet_scratch_nig,3D TensorNet evidential NIG,0.95,raw_gaussian,0.9799866234501209,0.02998662345012093,1.9164143102554492,3.8328286205108983,1.959963984540054,1.6202966648403392,0.17721614303707173,19437,19437,runs/paper_used_results_20260521/analysis_sources/analysis/test_parp1_surrogate_500_fulltest_nopretrain_ensgauss4_scipykmeans_v1/PARP1/seed43/tensornet_scratch_nig/holdout_predictions.csv
seed43,tensornet_scratch_nig,3D TensorNet evidential NIG,0.95,split_conformal,0.9499922827596852,7.717240314786267e-06,1.5842942726765936,3.1685885453531872,1.959963984540054,1.6202966648403392,0.08307205426913061,19437,19437,runs/paper_used_results_20260521/analysis_sources/analysis/test_parp1_surrogate_500_fulltest_nopretrain_ensgauss4_scipykmeans_v1/PARP1/seed43/tensornet_scratch_nig/holdout_predictions.csv
seed44,fingerprint_gp_gaussian,ECFP4-Tanimoto GP,0.5,raw_gaussian,0.22993827160493827,0.2700617283950617,0.41269392987581616,0.8253878597516323,0.6744897501960817,1.5935454850187247,1.744258116082484,19439,19440,runs/paper_used_results_20260521/analysis_sources/analysis/test_parp1_surrogate_500_fulltest_nopretrain_ensgauss4_scipykmeans_v1/PARP1/seed44/fingerprint_gp_gaussian/holdout_predictions.csv
seed44,fingerprint_gp_gaussian,ECFP4-Tanimoto GP,0.5,split_conformal,0.4947530864197531,0.005246913580246926,0.9750282320184345,1.950056464036869,0.6744897501960817,1.5935454850187247,0.38328430704833105,19439,19440,runs/paper_used_results_20260521/analysis_sources/analysis/test_parp1_surrogate_500_fulltest_nopretrain_ensgauss4_scipykmeans_v1/PARP1/seed44/fingerprint_gp_gaussian/holdout_predictions.csv
seed44,fingerprint_gp_gaussian,ECFP4-Tanimoto GP,0.8,raw_gaussian,0.4131172839506173,0.38688271604938274,0.7841313404234117,1.5682626808468234,1.2815515655446004,3.481746741876467,1.744258116082484,19439,19440,runs/paper_used_results_20260521/analysis_sources/analysis/test_parp1_surrogate_500_fulltest_nopretrain_ensgauss4_scipykmeans_v1/PARP1/seed44/fingerprint_gp_gaussian/holdout_predictions.csv
seed44,fingerprint_gp_gaussian,ECFP4-Tanimoto GP,0.8,split_conformal,0.8066358024691358,0.006635802469135754,2.1303448203914095,4.260689640782819,1.2815515655446004,3.481746741876467,0.3952839434955738,19439,19440,runs/paper_used_results_20260521/analysis_sources/analysis/test_parp1_surrogate_500_fulltest_nopretrain_ensgauss4_scipykmeans_v1/PARP1/seed44/fingerprint_gp_gaussian/holdout_predictions.csv
seed44,fingerprint_gp_gaussian,ECFP4-Tanimoto GP,0.9,raw_gaussian,0.5083847736625514,0.3916152263374486,1.0064216797657073,2.0128433595314146,1.6448536269514722,5.792855804852484,1.744258116082484,19439,19440,runs/paper_used_results_20260521/analysis_sources/analysis/test_parp1_surrogate_500_fulltest_nopretrain_ensgauss4_scipykmeans_v1/PARP1/seed44/fingerprint_gp_gaussian/holdout_predictions.csv
seed44,fingerprint_gp_gaussian,ECFP4-Tanimoto GP,0.9,split_conformal,0.9075617283950618,0.007561728395061751,3.5444221748566362,7.0888443497132725,1.6448536269514722,5.792855804852484,0.44207621729750785,19439,19440,runs/paper_used_results_20260521/analysis_sources/analysis/test_parp1_surrogate_500_fulltest_nopretrain_ensgauss4_scipykmeans_v1/PARP1/seed44/fingerprint_gp_gaussian/holdout_predictions.csv
seed44,fingerprint_gp_gaussian,ECFP4-Tanimoto GP,0.95,raw_gaussian,0.5821502057613168,0.36784979423868314,1.1992253981024206,2.398450796204841,1.959963984540054,6.87676908194918,1.744258116082484,19439,19440,runs/paper_used_results_20260521/analysis_sources/analysis/test_parp1_surrogate_500_fulltest_nopretrain_ensgauss4_scipykmeans_v1/PARP1/seed44/fingerprint_gp_gaussian/holdout_predictions.csv
seed44,fingerprint_gp_gaussian,ECFP4-Tanimoto GP,0.95,split_conformal,0.9530349794238683,0.0030349794238683225,4.2076263671213345,8.415252734242669,1.959963984540054,6.87676908194918,0.4414827062960202,19439,19440,runs/paper_used_results_20260521/analysis_sources/analysis/test_parp1_surrogate_500_fulltest_nopretrain_ensgauss4_scipykmeans_v1/PARP1/seed44/fingerprint_gp_gaussian/holdout_predictions.csv
seed44,gin_small_gaussian,2D GIN heteroscedastic,0.5,raw_gaussian,0.47422839506172837,0.02577160493827163,0.504161063883859,1.008322127767718,0.6744897501960817,0.7000561821146519,0.0896066570576213,19439,19440,runs/paper_used_results_20260521/analysis_sources/analysis/test_parp1_surrogate_500_fulltest_nopretrain_ensgauss4_scipykmeans_v1/PARP1/seed44/gin_small_gaussian/holdout_predictions.csv
seed44,gin_small_gaussian,2D GIN heteroscedastic,0.5,split_conformal,0.4911522633744856,0.008847736625514413,0.523271212721604,1.046542425443208,0.6744897501960817,0.7000561821146519,0.08633417328325596,19439,19440,runs/paper_used_results_20260521/analysis_sources/analysis/test_parp1_surrogate_500_fulltest_nopretrain_ensgauss4_scipykmeans_v1/PARP1/seed44/gin_small_gaussian/holdout_predictions.csv
seed44,gin_small_gaussian,2D GIN heteroscedastic,0.8,raw_gaussian,0.7847222222222222,0.015277777777777835,0.957921748283291,1.915843496566582,1.2815515655446004,1.3147311836133573,0.0896066570576213,19439,19440,runs/paper_used_results_20260521/analysis_sources/analysis/test_parp1_surrogate_500_fulltest_nopretrain_ensgauss4_scipykmeans_v1/PARP1/seed44/gin_small_gaussian/holdout_predictions.csv
seed44,gin_small_gaussian,2D GIN heteroscedastic,0.8,split_conformal,0.7962962962962963,0.0037037037037037646,0.982722527746495,1.96544505549299,1.2815515655446004,1.3147311836133573,0.08734527108408813,19439,19440,runs/paper_used_results_20260521/analysis_sources/analysis/test_parp1_surrogate_500_fulltest_nopretrain_ensgauss4_scipykmeans_v1/PARP1/seed44/gin_small_gaussian/holdout_predictions.csv
seed44,gin_small_gaussian,2D GIN heteroscedastic,0.9,raw_gaussian,0.8900720164609054,0.009927983539094631,1.2294792534000702,2.4589585068001405,1.6448536269514722,1.6904319951745919,0.0896066570576213,19439,19440,runs/paper_used_results_20260521/analysis_sources/analysis/test_parp1_surrogate_500_fulltest_nopretrain_ensgauss4_scipykmeans_v1/PARP1/seed44/gin_small_gaussian/holdout_predictions.csv
seed44,gin_small_gaussian,2D GIN heteroscedastic,0.9,split_conformal,0.9004115226337449,0.0004115226337448874,1.2635477305070657,2.5270954610141314,1.6448536269514722,1.6904319951745919,0.08719063250160644,19439,19440,runs/paper_used_results_20260521/analysis_sources/analysis/test_parp1_surrogate_500_fulltest_nopretrain_ensgauss4_scipykmeans_v1/PARP1/seed44/gin_small_gaussian/holdout_predictions.csv
seed44,gin_small_gaussian,2D GIN heteroscedastic,0.95,raw_gaussian,0.943261316872428,0.006738683127571976,1.4650148906376983,2.9300297812753966,1.959963984540054,2.022015357851817,0.0896066570576213,19439,19440,runs/paper_used_results_20260521/analysis_sources/analysis/test_parp1_surrogate_500_fulltest_nopretrain_ensgauss4_scipykmeans_v1/PARP1/seed44/gin_small_gaussian/holdout_predictions.csv
seed44,gin_small_gaussian,2D GIN heteroscedastic,0.95,split_conformal,0.95,0.0,1.511396449994558,3.022792899989116,1.959963984540054,2.022015357851817,0.08685681833522464,19439,19440,runs/paper_used_results_20260521/analysis_sources/analysis/test_parp1_surrogate_500_fulltest_nopretrain_ensgauss4_scipykmeans_v1/PARP1/seed44/gin_small_gaussian/holdout_predictions.csv
seed44,tensornet_scratch_bayes_mlp,3D TensorNet Bayesian head,0.5,raw_gaussian,0.06791171477079797,0.43208828522920206,0.12473451767342474,0.24946903534684947,0.6744897501960817,5.9853570280617046,8.511174186178376,19437,19437,runs/paper_used_results_20260521/analysis_sources/analysis/test_parp1_surrogate_500_fulltest_nopretrain_ensgauss4_scipykmeans_v1/PARP1/seed44/tensornet_scratch_bayes_mlp/holdout_predictions.csv
seed44,tensornet_scratch_bayes_mlp,3D TensorNet Bayesian head,0.5,split_conformal,0.5078458609867778,0.007845860986777753,1.1068820864682973,2.2137641729365947,0.6744897501960817,5.9853570280617046,0.47677313453106196,19437,19437,runs/paper_used_results_20260521/analysis_sources/analysis/test_parp1_surrogate_500_fulltest_nopretrain_ensgauss4_scipykmeans_v1/PARP1/seed44/tensornet_scratch_bayes_mlp/holdout_predictions.csv
seed44,tensornet_scratch_bayes_mlp,3D TensorNet Bayesian head,0.8,raw_gaussian,0.1296496372897052,0.6703503627102949,0.23699947457371565,0.4739989491474313,1.2815515655446004,13.253548360631925,8.511174186178376,19437,19437,runs/paper_used_results_20260521/analysis_sources/analysis/test_parp1_surrogate_500_fulltest_nopretrain_ensgauss4_scipykmeans_v1/PARP1/seed44/tensornet_scratch_bayes_mlp/holdout_predictions.csv
seed44,tensornet_scratch_bayes_mlp,3D TensorNet Bayesian head,0.8,split_conformal,0.8039820960024695,0.00398209600246946,2.451000866572451,4.902001733144902,1.2815515655446004,13.253548360631925,0.42954942656543543,19437,19437,runs/paper_used_results_20260521/analysis_sources/analysis/test_parp1_surrogate_500_fulltest_nopretrain_ensgauss4_scipykmeans_v1/PARP1/seed44/tensornet_scratch_bayes_mlp/holdout_predictions.csv
seed44,tensornet_scratch_bayes_mlp,3D TensorNet Bayesian head,0.9,raw_gaussian,0.16653804599475228,0.7334619540052477,0.30418553245846947,0.6083710649169389,1.6448536269514722,18.50834076990996,8.511174186178376,19437,19437,runs/paper_used_results_20260521/analysis_sources/analysis/test_parp1_surrogate_500_fulltest_nopretrain_ensgauss4_scipykmeans_v1/PARP1/seed44/tensornet_scratch_bayes_mlp/holdout_predictions.csv
seed44,tensornet_scratch_bayes_mlp,3D TensorNet Bayesian head,0.9,split_conformal,0.903431599526676,0.0034315995266759325,3.4227784161270907,6.845556832254181,1.6448536269514722,18.50834076990996,0.42345439130511464,19437,19437,runs/paper_used_results_20260521/analysis_sources/analysis/test_parp1_surrogate_500_fulltest_nopretrain_ensgauss4_scipykmeans_v1/PARP1/seed44/tensornet_scratch_bayes_mlp/holdout_predictions.csv
seed44,tensornet_scratch_bayes_mlp,3D TensorNet Bayesian head,0.95,raw_gaussian,0.19761280032926892,0.752387199670731,0.36245941794936937,0.7249188358987387,1.959963984540054,23.547968326984094,8.511174186178376,19437,19437,runs/paper_used_results_20260521/analysis_sources/analysis/test_parp1_surrogate_500_fulltest_nopretrain_ensgauss4_scipykmeans_v1/PARP1/seed44/tensornet_scratch_bayes_mlp/holdout_predictions.csv
seed44,tensornet_scratch_bayes_mlp,3D TensorNet Bayesian head,0.95,split_conformal,0.9495292483407933,0.0004707516592066252,4.354765169673153,8.709530339346307,1.959963984540054,23.547968326984094,0.4219664079434694,19437,19437,runs/paper_used_results_20260521/analysis_sources/analysis/test_parp1_surrogate_500_fulltest_nopretrain_ensgauss4_scipykmeans_v1/PARP1/seed44/tensornet_scratch_bayes_mlp/holdout_predictions.csv
seed44,tensornet_scratch_gaussian,3D TensorNet heteroscedastic ensemble,0.5,raw_gaussian,0.6162988115449916,0.11629881154499155,0.6223023158221805,1.244604631644361,0.6744897501960817,0.5283400626290273,0.21208091041235216,19437,19437,runs/paper_used_results_20260521/analysis_sources/analysis/test_parp1_surrogate_500_fulltest_nopretrain_ensgauss4_scipykmeans_v1/PARP1/seed44/tensornet_scratch_gaussian/holdout_predictions.csv
seed44,tensornet_scratch_gaussian,3D TensorNet heteroscedastic ensemble,0.5,split_conformal,0.5083603436744354,0.008360343674435389,0.48746069813529047,0.9749213962705809,0.6744897501960817,0.5283400626290273,0.08308707301705084,19437,19437,runs/paper_used_results_20260521/analysis_sources/analysis/test_parp1_surrogate_500_fulltest_nopretrain_ensgauss4_scipykmeans_v1/PARP1/seed44/tensornet_scratch_gaussian/holdout_predictions.csv
seed44,tensornet_scratch_gaussian,3D TensorNet heteroscedastic ensemble,0.8,raw_gaussian,0.8918557390543809,0.09185573905438082,1.1823938122886228,2.3647876245772457,1.2815515655446004,1.0195077065917708,0.21208091041235216,19437,19437,runs/paper_used_results_20260521/analysis_sources/analysis/test_parp1_surrogate_500_fulltest_nopretrain_ensgauss4_scipykmeans_v1/PARP1/seed44/tensornet_scratch_gaussian/holdout_predictions.csv
seed44,tensornet_scratch_gaussian,3D TensorNet heteroscedastic ensemble,0.8,split_conformal,0.8044451304213613,0.0044451304213612985,0.9406251268105702,1.8812502536211404,1.2815515655446004,1.0195077065917708,0.08530612665624734,19437,19437,runs/paper_used_results_20260521/analysis_sources/analysis/test_parp1_surrogate_500_fulltest_nopretrain_ensgauss4_scipykmeans_v1/PARP1/seed44/tensornet_scratch_gaussian/holdout_predictions.csv
seed44,tensornet_scratch_gaussian,3D TensorNet heteroscedastic ensemble,0.9,raw_gaussian,0.9533364202294593,0.05333642022945928,1.5175860284649894,3.0351720569299787,1.6448536269514722,1.3328479911549733,0.21208091041235216,19437,19437,runs/paper_used_results_20260521/analysis_sources/analysis/test_parp1_surrogate_500_fulltest_nopretrain_ensgauss4_scipykmeans_v1/PARP1/seed44/tensornet_scratch_gaussian/holdout_predictions.csv
seed44,tensornet_scratch_gaussian,3D TensorNet heteroscedastic ensemble,0.9,split_conformal,0.9030714616453156,0.0030714616453155763,1.2297212689941626,2.459442537988325,1.6448536269514722,1.3328479911549733,0.09104918127765652,19437,19437,runs/paper_used_results_20260521/analysis_sources/analysis/test_parp1_surrogate_500_fulltest_nopretrain_ensgauss4_scipykmeans_v1/PARP1/seed44/tensornet_scratch_gaussian/holdout_predictions.csv
seed44,tensornet_scratch_gaussian,3D TensorNet heteroscedastic ensemble,0.95,raw_gaussian,0.9783402788496167,0.028340278849616762,1.808315287449167,3.616630574898334,1.959963984540054,1.6256971194140903,0.21208091041235216,19437,19437,runs/paper_used_results_20260521/analysis_sources/analysis/test_parp1_surrogate_500_fulltest_nopretrain_ensgauss4_scipykmeans_v1/PARP1/seed44/tensornet_scratch_gaussian/holdout_predictions.csv
seed44,tensornet_scratch_gaussian,3D TensorNet heteroscedastic ensemble,0.95,split_conformal,0.9517415238977208,0.0017415238977208647,1.499911721331171,2.999823442662342,1.959963984540054,1.6256971194140903,0.09817780706269083,19437,19437,runs/paper_used_results_20260521/analysis_sources/analysis/test_parp1_surrogate_500_fulltest_nopretrain_ensgauss4_scipykmeans_v1/PARP1/seed44/tensornet_scratch_gaussian/holdout_predictions.csv
seed44,tensornet_scratch_nig,3D TensorNet evidential NIG,0.5,raw_gaussian,0.54406544219787,0.04406544219787001,0.904299897034743,1.808599794069486,0.6744897501960817,0.6203110171293683,0.10078859120237507,19437,19437,runs/paper_used_results_20260521/analysis_sources/analysis/test_parp1_surrogate_500_fulltest_nopretrain_ensgauss4_scipykmeans_v1/PARP1/seed44/tensornet_scratch_nig/holdout_predictions.csv
seed44,tensornet_scratch_nig,3D TensorNet evidential NIG,0.5,split_conformal,0.5067139990739311,0.0067139990739311095,0.8316615467566866,1.6633230935133732,0.6744897501960817,0.6203110171293683,0.06508057774937095,19437,19437,runs/paper_used_results_20260521/analysis_sources/analysis/test_parp1_surrogate_500_fulltest_nopretrain_ensgauss4_scipykmeans_v1/PARP1/seed44/tensornet_scratch_nig/holdout_predictions.csv
seed44,tensornet_scratch_nig,3D TensorNet evidential NIG,0.8,raw_gaussian,0.8540927097803159,0.054092709780315884,1.7181980132830614,3.436396026566123,1.2815515655446004,1.1499070164162408,0.10078859120237507,19437,19437,runs/paper_used_results_20260521/analysis_sources/analysis/test_parp1_surrogate_500_fulltest_nopretrain_ensgauss4_scipykmeans_v1/PARP1/seed44/tensornet_scratch_nig/holdout_predictions.csv
seed44,tensornet_scratch_nig,3D TensorNet evidential NIG,0.8,split_conformal,0.8052168544528476,0.005216854452847586,1.5416999238942266,3.083399847788453,1.2815515655446004,1.1499070164162408,0.07443016020196332,19437,19437,runs/paper_used_results_20260521/analysis_sources/analysis/test_parp1_surrogate_500_fulltest_nopretrain_ensgauss4_scipykmeans_v1/PARP1/seed44/tensornet_scratch_nig/holdout_predictions.csv
seed44,tensornet_scratch_nig,3D TensorNet evidential NIG,0.9,raw_gaussian,0.9340433194423008,0.03404331944230077,2.2052832753307583,4.410566550661517,1.6448536269514722,1.4834160003354533,0.10078859120237507,19437,19437,runs/paper_used_results_20260521/analysis_sources/analysis/test_parp1_surrogate_500_fulltest_nopretrain_ensgauss4_scipykmeans_v1/PARP1/seed44/tensornet_scratch_nig/holdout_predictions.csv
seed44,tensornet_scratch_nig,3D TensorNet evidential NIG,0.9,split_conformal,0.9058496681586664,0.005849668158666388,1.988841099472698,3.977682198945396,1.6448536269514722,1.4834160003354533,0.07202307101879707,19437,19437,runs/paper_used_results_20260521/analysis_sources/analysis/test_parp1_surrogate_500_fulltest_nopretrain_ensgauss4_scipykmeans_v1/PARP1/seed44/tensornet_scratch_nig/holdout_predictions.csv
seed44,tensornet_scratch_nig,3D TensorNet evidential NIG,0.95,raw_gaussian,0.9647064876266913,0.014706487626691356,2.6277570991940506,5.255514198388101,1.959963984540054,1.813473048896405,0.10078859120237507,19437,19437,runs/paper_used_results_20260521/analysis_sources/analysis/test_parp1_surrogate_500_fulltest_nopretrain_ensgauss4_scipykmeans_v1/PARP1/seed44/tensornet_scratch_nig/holdout_predictions.csv
seed44,tensornet_scratch_nig,3D TensorNet evidential NIG,0.95,split_conformal,0.953182075423162,0.0031820754231620674,2.4313542065176774,4.862708413035355,1.959963984540054,1.813473048896405,0.06385087483398218,19437,19437,runs/paper_used_results_20260521/analysis_sources/analysis/test_parp1_surrogate_500_fulltest_nopretrain_ensgauss4_scipykmeans_v1/PARP1/seed44/tensornet_scratch_nig/holdout_predictions.csv
